"","binomial","iucn.no","family","country","rule_of_law","deathrate","hdi","gdp","geog.range","fr.in.country","num.countries"
"1","allenopithecus nigroviridis",1,"cercopithecidae","republic of congo",-1.04,2.30358459332713,0.591,21.9713779140709,509751740445.673,0.753364328707703,0
"2","allocebus trichotis",3,"cheirogaleidae","madagascar",-0.69,1.91839212016142,0.51,22.0792084212875,43083484275.3532,1,0
"3","allochrocebus lhoesti",3,"cercopithecidae","burundi",-1.01723288083654,2.30415021359155,0.587558993637676,21.9861783600432,217463439651.84,0.00198768511985887,1.38629436111989
"4","allochrocebus preussi",4,"cercopithecidae","equatorial guinea",-0.979571821067818,2.34628992779971,0.513777708594997,23.7757490479747,17360792324.9727,0.0201314541922075,1.09861228866811
"5","allochrocebus solatus",3,"cercopithecidae","gabon",-0.54,2.57337529777561,0.684,22.4156847777278,12208034410.9039,1,0
"6","alouatta arctoidea",1,"atelidae","colombia",-1.8305319960232,1.67137783697232,0.75801329990058,25.2320577683096,409140645645.107,0.0946924154277865,0.693147180559945
"7","alouatta belzebul",3,"atelidae","brazil",-0.19,1.88858365386359,0.755,27.176036908884,872386273427.914,0.049161527047115,0
"8","alouatta caraya",1,"atelidae","argentina",-0.400815424364122,1.87235173836843,0.739783962131693,26.8725209647789,3080805434220.67,0.052580927494715,1.6094379124341
"9","alouatta discolor",3,"atelidae","brazil",-0.19,1.88858365386359,0.755,27.176036908884,378199528426.298,1,0
"10","alouatta guariba",1,"atelidae","argentina",-0.200737055601044,1.89042675043538,0.756418423610617,27.1634708204595,1081566286685.58,0.0175596135273739,1.09861228866811
"11","alouatta juara",1,"atelidae","colombia",-0.403881367011814,1.76941706337802,0.73490961966835,26.1946820406146,2353145796413.55,0.426719399516627,1.6094379124341
"12","alouatta macconnelli",1,"atelidae","colombia",-0.631624589191851,1.7924316605976,0.74449339902941,26.5321189037598,1774971775574.36,0.000309580762266245,1.94591014905531
"13","alouatta nigerrima",1,"atelidae","brazil",-0.19,1.88858365386359,0.755,27.176036908884,237676645337.45,0.0509168246334476,0
"14","alouatta palliata",1,"atelidae","panama",-0.541373522874264,1.6305338743139,0.693896956173521,24.6138852287693,570941973133.044,0.000881750773274997,2.30258509299405
"15","alouatta pigra",4,"atelidae","mexico",-0.632751326575214,1.65649189881315,0.717987587530216,26.3287627544299,241272798788.535,0.64324557893582,1.38629436111989
"16","alouatta puruensis",1,"atelidae","peru",-0.201748849900089,1.88594454514893,0.75420431229409,27.1471816695035,1051504345020.89,0.0286896023590198,1.09861228866811
"17","alouatta sara",1,"atelidae","peru",-1.13978041872793,1.87221608435553,0.663167072262723,22.9594015199524,343413624690.762,0.0148314410044651,1.09861228866811
"18","alouatta ululata",4,"atelidae","brazil",-0.19,1.88858365386359,0.755,27.176036908884,100202310293.123,1,0
"19","aotus azarae",1,"aotidae","peru",-0.465235140904395,1.8642933734517,0.727472810998569,26.7876302843806,3182012322055.54,0.00849447235767075,1.6094379124341
"20","aotus brumbacki",3,"aotidae","colombia",-0.313952767627362,1.68820560137894,0.720098819190684,25.2261583899109,124803420691.167,0.99764716212657,0.693147180559945
"21","aotus griseimembra",3,"aotidae","colombia",-0.578702716207307,1.685288298262,0.726717567905183,25.2271907578363,235593998731.751,0.84005790701946,0.693147180559945
"23","aotus lemurinus",3,"aotidae","colombia",-0.403078244924558,1.6815881515696,0.721618192802938,25.1390748073954,178333096828.118,0.877095014194778,1.09861228866811
"24","aotus miconax",3,"aotidae","peru",-0.53,1.79342474854712,0.734,24.6514585824742,59860182729.9451,1,0
"25","aotus nancymaae",1,"aotidae","colombia",-0.368719478658692,1.83966851164161,0.743958661681055,26.5152505757966,495976491398.206,0.000162181117649568,1.38629436111989
"26","aotus nigriceps",1,"aotidae","peru",-0.265848054980099,1.87598638909425,0.749234731548292,27.0092740347968,1558667118880.5,0.132566439747824,1.09861228866811
"27","aotus trivirgatus",1,"aotidae","colombia",-0.83774176467219,1.81468162486086,0.756991895003507,26.7978891263874,757104286877.182,0.00513477930889315,1.38629436111989
"28","aotus vociferans",1,"aotidae","colombia",-0.380046445651709,1.77979677243811,0.736403839377174,26.3213611037231,1023829314742.2,0.348388837434429,1.38629436111989
"30","arctocebus aureus",1,"lorisidae","central african republic",-0.892505069653366,2.42060230185736,0.59211684056529,22.4647534542674,671964387856.63,0.0509396437275817,1.6094379124341
"31","arctocebus calabarensis",1,"lorisidae","cameroon",-1.0049597136986,2.45818529142866,0.513123992842465,24.7584829194171,149415482622.468,0.438003578767454,0.693147180559945
"32","ateles belzebuth",4,"atelidae","colombia",-0.673661359344667,1.75340441646108,0.738718508702345,25.9633862040893,1160942482746.82,0.124091756502736,1.6094379124341
"33","ateles chamek",4,"atelidae","colombia",-0.409034329053247,1.877730632694,0.73480559991713,26.8554612827326,2452900079699.89,3.4214073220458e-05,1.38629436111989
"34","ateles fusciceps",5,"atelidae","ecuador",-0.417004579750325,1.67181738058761,0.725836984640605,25.0364170810007,217191324887.693,0.165518303738158,1.09861228866811
"35","ateles geoffroyi",4,"atelidae","mexico",-0.557918250686602,1.64124839413432,0.702786757922627,25.9585228847665,906756728691.118,0.16233292375526,2.19722457733622
"36","ateles hybridus",5,"atelidae","colombia",-0.786159987966875,1.68299634599706,0.731903999699172,25.2279989741466,166958344241.886,0.451399430367165,0.693147180559945
"37","ateles marginatus",4,"atelidae","brazil",-0.19,1.88858365386359,0.755,27.176036908884,527510013156.541,1,0
"38","ateles paniscus",3,"atelidae","guyana",-0.186543813139416,1.82131872933664,0.73501653844942,26.6597606643421,1068374873223.13,0.0911941554940233,1.6094379124341
"39","avahi betsileo",4,"indriidae","madagascar",-0.69,1.91839212016142,0.51,22.0792084212875,975947250.976078,1,0
"40","avahi cleesei",4,"indriidae","madagascar",-0.69,1.91839212016142,0.51,22.0792084212875,2594790838.15679,1,0
"41","avahi laniger",3,"indriidae","madagascar",-0.69,1.91839212016142,0.51,22.0792084212875,50968674649.0353,1,0
"42","avahi meridionalis",4,"indriidae","madagascar",-0.69,1.91839212016142,0.51,22.0792084212875,1569490153.38228,1,0
"43","avahi mooreorum",4,"indriidae","madagascar",-0.69,1.91839212016142,0.51,22.0792084212875,2000328194.58734,1,0
"44","avahi occidentalis",4,"indriidae","madagascar",-0.69,1.91839212016142,0.51,22.0792084212875,3073979031.47751,0.137618267249982,0
"45","avahi peyrierasi",3,"indriidae","madagascar",-0.69,1.91839212016142,0.51,22.0792084212875,4395625296.67999,1,0
"46","avahi ramanantsoavanai",3,"indriidae","madagascar",-0.69,1.91839212016142,0.51,22.0792084212875,5858836458.67347,1,0
"47","avahi unicolor",4,"indriidae","madagascar",-0.69,1.91839212016142,0.51,22.0792084212875,784331671.442569,1,0
"48","brachyteles arachnoides",4,"atelidae","brazil",-0.19,1.88858365386359,0.755,27.176036908884,86662636588.9663,1,0
"49","brachyteles hypoxanthus",5,"atelidae","brazil",-0.19,1.88858365386359,0.755,27.176036908884,97149306316.1753,0.0542394679675053,0
"50","cacajao ayresi",3,"pitheciidae","brazil",-0.19,1.88858365386359,0.755,27.176036908884,6410076264.76132,1,0
"51","cacajao calvus",3,"pitheciidae","brazil",-0.446189823103786,1.81770630804167,0.739171430605093,25.9943202614597,183206528806.788,0.0900542665292921,1.09861228866811
"52","cacajao hosomi",3,"pitheciidae","colombia",-1.34787422222226,1.75322214593273,0.759484279765689,26.3740717609016,70215719143.4676,0.000523433228625518,1.09861228866811
"53","callibella humilis",3,"callitrichidae","brazil",-0.19,1.88858365386359,0.755,27.176036908884,6417287436.76072,1,0
"54","callicebus aureipalatii",1,"pitheciidae","peru",-1.10525158531136,1.86778065043904,0.667196590092874,23.1338895663425,23289490345.1571,0.0721748624010262,0.693147180559945
"55","callicebus baptista",1,"pitheciidae","brazil",-0.19,1.88858365386359,0.755,27.176036908884,14839709638.3301,1,0
"56","callicebus barbarabrownae",5,"pitheciidae","brazil",-0.19,1.88858365386359,0.755,27.176036908884,130512381733.961,1,0
"57","callicebus bernhardi",1,"pitheciidae","brazil",-0.19,1.88858365386359,0.755,27.176036908884,120327549896.825,1,0
"58","callicebus brunneus",1,"pitheciidae","peru",-0.450164942657113,1.86709042906647,0.732195378436408,26.6945197923904,245302730758.811,0.200951393199187,1.09861228866811
"59","callicebus caligatus",1,"pitheciidae","brazil",-0.19,1.88858365386359,0.755,27.176036908884,73975286436.274,1,0
"60","callicebus caquetensis",5,"pitheciidae","colombia",-0.31,1.68824909285839,0.72,25.2261429683814,1370360583.64909,1,0
"61","callicebus cinerascens",1,"pitheciidae","brazil",-0.19,1.88858365386359,0.755,27.176036908884,211737676298.998,1,0
"62","callicebus coimbrai",4,"pitheciidae","brazil",-0.19,1.88858365386359,0.755,27.176036908884,38825776560.9765,1,0
"63","callicebus cupreus",1,"pitheciidae","colombia",-0.254974288885022,1.87106325059941,0.750982953247375,26.9826085837032,781152922977.052,0.000142412506098372,1.09861228866811
"64","callicebus discolor",1,"pitheciidae","colombia",-0.692504487803751,1.74145693967869,0.733173068950321,24.4905702319876,233106986500.302,0.0118893211333355,1.09861228866811
"65","callicebus donacophilus",1,"pitheciidae","bolivia",-1.03710031713794,1.87514433698529,0.672937156777262,25.1265904917945,164735104710.937,0.882396163685358,0.693147180559945
"66","callicebus dubius",1,"pitheciidae","bolivia",-0.191564392593913,1.88855900037334,0.754848449467465,27.1744267256936,123211620302.348,0.00162957561865924,0.693147180559945
"67","callicebus hoffmannsi",1,"pitheciidae","brazil",-0.19,1.88858365386359,0.755,27.176036908884,92742222756.711,1,0
"68","callicebus lucifer",1,"pitheciidae","colombia",-0.365270656110105,1.78053318073423,0.734575127987968,26.1472558044247,235890770121.569,0.371652741763,1.38629436111989
"69","callicebus lugens",1,"pitheciidae","colombia",-0.700092379807599,1.75419602669433,0.741778561275281,26.3078829937475,919420380653.133,0.418251011546124,1.38629436111989
"70","callicebus medemi",3,"pitheciidae","colombia",-0.310759338882504,1.68821272243553,0.72001444290324,25.2253596349948,15768834198.3301,0.99882525142675,1.09861228866811
"71","callicebus melanochir",3,"pitheciidae","brazil",-0.19,1.88858365386359,0.755,27.176036908884,100436493009.442,1,0
"72","callicebus modestus",4,"pitheciidae","bolivia",-1.15,1.87333945622048,0.662,22.8095195845307,6579174564.67612,1,0
"73","callicebus moloch",1,"pitheciidae","brazil",-0.19,1.88858365386359,0.755,27.176036908884,950153503304.457,1,0
"74","callicebus nigrifrons",2,"pitheciidae","brazil",-0.19,1.88858365386359,0.755,27.176036908884,493045534989.03,1,0
"75","callicebus oenanthe",5,"pitheciidae","peru",-0.53,1.79342474854712,0.734,24.6514585824742,9166522077.6214,1,0
"76","callicebus olallae",4,"pitheciidae","bolivia",-1.15,1.87333945622048,0.662,22.8095195845307,681051411.795543,1,0
"77","callicebus ornatus",3,"pitheciidae","colombia",-0.31,1.68824909285839,0.72,25.2261429683814,23995113415.2378,1,0
"78","callicebus pallescens",1,"pitheciidae","argentina",-0.695649267976147,1.72869904108253,0.692267121643968,25.7633780137464,419488753003,0.000263252840498724,1.38629436111989
"79","callicebus personatus",3,"pitheciidae","brazil",-0.19,1.88858365386359,0.755,27.176036908884,143722288870.988,1,0
"80","callicebus purinus",1,"pitheciidae","brazil",-0.19,1.88858365386359,0.755,27.176036908884,153867185670.799,1,0
"81","callicebus regulus",1,"pitheciidae","peru",-0.191148410159888,1.88827700985396,0.754929068784242,27.1729249198908,222806558363.389,0.00337767694084793,0.693147180559945
"83","callicebus torquatus",1,"pitheciidae","colombia",-0.190194804947851,1.8882888979495,0.75494318189021,27.1746435526549,249564052137.163,0.00162337456542792,0.693147180559945
"84","callimico goeldii",3,"callitrichidae","colombia",-0.437772785398904,1.80290564550666,0.735125927898692,25.9384719122954,606280787376.827,0.140931829708993,1.6094379124341
"85","callithrix aurita",3,"callitrichidae","brazil",-0.19,1.88858365386359,0.755,27.176036908884,160386138786.247,1,0
"86","callithrix flaviceps",4,"callitrichidae","brazil",-0.19,1.88858365386359,0.755,27.176036908884,24860685844.5823,1,0
"87","callithrix geoffroyi",1,"callitrichidae","brazil",-0.19,1.88858365386359,0.755,27.176036908884,125651719876.438,1,0
"88","callithrix jacchus",1,"callitrichidae","brazil",-0.19,1.88858365386359,0.755,27.176036908884,949496901196.175,1,0
"89","callithrix kuhlii",2,"callitrichidae","brazil",-0.19,1.88858365386359,0.755,27.176036908884,45965374870.8445,1,0
"90","callithrix penicillata",1,"callitrichidae","brazil",-0.19,1.88858365386359,0.755,27.176036908884,1317216483745.66,1,0
"91","cebuella pygmaea",1,"callitrichidae","colombia",-0.356996209534928,1.83366480565135,0.742609451433272,26.6521601052748,1688238497913.98,0.0804308823019031,1.6094379124341
"92","cebus apella",1,"cebidae","guyana",-0.300067084078389,1.86328889359788,0.737212675029817,26.8787335843402,3376833504140.23,0.0556162714947461,1.94591014905531
"93","cebus cay",1,"cebidae","argentina",-0.636751960009533,1.80931604367805,0.706833642016766,26.3071653276729,624009330367.818,0.0150109460557,1.38629436111989
"94","cebus flavius",5,"cebidae","brazil",-0.19,1.88858365386359,0.755,27.176036908884,39138468294.7665,0.437215546269757,0
"95","cebus kaapori",5,"cebidae","brazil",-0.19,1.88858365386359,0.755,27.176036908884,192040535404.583,1,0
"96","cebus libidinosus",1,"cebidae","bolivia",-0.19022796525933,1.88858006136377,0.754977915865502,27.1758024322775,2628424737563.53,0.000237463811801818,0.693147180559945
"97","cebus macrocephalus",1,"cebidae","colombia",-0.346699317150757,1.81607090652368,0.739519820645958,26.5437156682711,2662650460568.86,0.236992697367116,1.79175946922805
"98","cebus nigritus",2,"cebidae","argentina",-0.206090822872031,1.89127781948385,0.757100246587531,27.1570715531275,883782887083.582,0.0261688444858366,1.09861228866811
"99","cebus robustus",4,"cebidae","brazil",-0.19,1.88858365386359,0.755,27.176036908884,120581305929.265,1,0
"100","cebus xanthosternos",5,"cebidae","brazil",-0.19,1.88858365386359,0.755,27.176036908884,469419345851.797,1,0
"101","cercocebus agilis",1,"cercopithecidae","central african republic",-1.11960325231948,2.38265319831476,0.542246054494241,22.1632423791133,1059445525221.33,0.173883230452856,1.79175946922805
"102","cercocebus atys",2,"cercopithecidae","ivory coast",-0.947805993183033,2.31559384103835,0.424333493458292,21.8050797311721,318374806123.594,0.114558687617991,1.79175946922805
"104","cercocebus galeritus",4,"cercopithecidae","kenya",-0.49,1.93296963777958,0.548,23.3852831580056,203627578.430952,1,0
"105","cercocebus lunulatus",4,"cercopithecidae","burkina faso",-0.195552666270193,2.11185067424837,0.528174253003613,23.0732915795922,121436122882.935,0.0125867617643088,1.09861228866811
"106","cercocebus sanjei",4,"cercopithecidae","tanzania",-0.43,2.08069076108027,0.521,23.6277003722105,189323245.669423,0.4143473346308,0
"107","cercocebus torquatus",3,"cercopithecidae","gabon",-0.934769129016661,2.48195280001991,0.554771455066836,24.601499281701,288708743132.59,0.21421049813092,1.79175946922805
"108","cercopithecus ascanius",1,"cercopithecidae","republic of congo",-1.01473729777639,2.32331581629072,0.570704717674309,22.7417393990923,2635695476988.67,0.168187300461601,2.30258509299405
"109","cercopithecus campbelli",1,"cercopithecidae","guinea-bissau",-0.958014163149639,2.32511622292685,0.421663540630191,21.3939257930679,280414184033.148,0.000472020523135678,1.94591014905531
"110","cercopithecus cephus",1,"cercopithecidae","central african republic",-0.910339012947798,2.41086391490175,0.588983260929339,22.4440831297668,784147000693.49,0.051132358246551,1.6094379124341
"111","cercopithecus denti",1,"cercopithecidae","rwanda",-1.02821583719004,2.30458154933977,0.589235825176793,21.9852342325231,411242683954.203,0.000852917959128729,1.09861228866811
"112","cercopithecus diana",3,"cercopithecidae","ivory coast",-0.855363441358394,2.30104280916282,0.429694265955954,21.8272812180413,212008987599.275,0.185959606333088,1.38629436111989
"113","cercopithecus dryas",5,"cercopithecidae","republic of congo",-1.04,2.30358459332713,0.591,21.9713779140709,1370719793.08545,1,0
"114","cercopithecus erythrogaster",3,"cercopithecidae","benin",-0.982156325832069,2.50900748999986,0.50962229434193,25.1170314049537,73909795641.8366,0.00120435928482031,1.09861228866811
"115","cercopithecus erythrotis",3,"cercopithecidae","cameroon",-0.98854669598673,2.37457568612038,0.51405538119349,24.1253227866917,56160598503.6776,0.737505551293968,1.09861228866811
"116","cercopithecus hamlyni",3,"cercopithecidae","burundi",-1.03223556542672,2.30293268781468,0.590215054257953,21.9691088452776,239906657611.729,6.91688717770947e-05,1.38629436111989
"117","cercopithecus lowei",1,"cercopithecidae","ivory coast",-0.378084198443515,2.17630903899684,0.500466977951747,23.0976344028643,340911594426.403,0.661693994104997,1.38629436111989
"118","cercopithecus mitis",1,"cercopithecidae","kenya",-0.702968669926566,2.34404343398703,0.549408402265988,23.3374485715214,2330718809853.78,0.00216603505890733,2.77258872223978
"119","cercopithecus mona",1,"cercopithecidae","sao tome and principe",-0.905512460860895,2.4239942421079,0.511382115538284,24.8077338286917,621443565514.339,0.00138802960085942,1.79175946922805
"120","cercopithecus neglectus",1,"cercopithecidae","kenya",-1.01917721818041,2.33785480596444,0.566787322849139,22.4604141426713,2304778666140.83,5.8579704130094e-05,2.30258509299405
"121","cercopithecus nictitans",1,"cercopithecidae","equatorial guinea",-0.945894352737346,2.4175772231091,0.563805696061258,23.714694951213,1346172533853.39,3.95196235958262e-05,2.19722457733622
"122","cercopithecus petaurista",1,"cercopithecidae","guinea",-0.576176238471774,2.22038593319234,0.474458581060942,22.6383518774884,534418418643.564,5.73463632565062e-05,2.07944154167984
"123","cercopithecus roloway",4,"cercopithecidae","ivory coast",-0.288285407050568,2.14407797455494,0.514446766723086,23.0928265560672,137422415088.134,0.551737036554821,0.693147180559945
"124","cercopithecus sclateri",3,"cercopithecidae","nigeria",-1.04,2.55800220485855,0.514,25.2519079919028,36329564622.4885,1,0
"127","cheirogaleus medius",1,"cheirogaleidae","madagascar",-0.69,1.91839212016142,0.51,22.0792084212875,126729597388.787,1,0
"129","cheirogaleus sibreei",5,"cheirogaleidae","madagascar",-0.69,1.91839212016142,0.51,22.0792084212875,40733612.4694592,1,0
"130","chiropotes albinasus",4,"pitheciidae","bolivia",-0.190235619574416,1.88857994073935,0.754977174353729,27.1757945583789,987868806868.074,0.000245437056682821,0.693147180559945
"131","chiropotes chiropotes",1,"pitheciidae","colombia",-0.567647305275135,1.81946461249885,0.746542393369085,26.7052958042137,1373003295113.29,8.29266825974639e-05,1.79175946922805
"132","chiropotes satanas",5,"pitheciidae","brazil",-0.19,1.88858365386359,0.755,27.176036908884,274935298578.344,1,0
"133","chiropotes utahickae",4,"pitheciidae","brazil",-0.19,1.88858365386359,0.755,27.176036908884,354425418575.11,1,0
"134","chlorocebus aethiops",1,"cercopithecidae","somalia",-0.749411668930422,2.07973530009328,0.451118138991309,23.6088328487,1153376852993.38,0.00081197783231119,1.6094379124341
"135","chlorocebus cynosuros",1,"cercopithecidae","zambia",-0.855423457097467,2.4211481374567,0.568038442462596,23.589713441687,3102387249405.07,0.210258382832084,1.94591014905531
"136","chlorocebus djamdjamensis",3,"cercopithecidae","ethiopia",-0.44,2.10535292346434,0.442,23.6491412904187,9205105062.76676,0.993122845146478,0
"137","chlorocebus pygerythrus",1,"cercopithecidae","tanzania",-0.549557053225818,2.29164301236261,0.518442637272722,24.0647719384832,4603620590786.53,9.37292731687454e-05,2.89037175789616
"138","chlorocebus sabaeus",1,"cercopithecidae","guinea-bissau",-0.638444016492062,2.35007146297989,0.444359213760025,22.4107709424777,1526457519786.92,1.49094336139727e-06,2.39789527279837
"139","chlorocebus tantalus",1,"cercopithecidae","sudan",-1.06000111968365,2.4316495782402,0.466175789130545,23.8949484678147,4013961181628.37,0.00528165586135411,2.77258872223978
"140","colobus angolensis",1,"cercopithecidae","burundi",-0.960148057955229,2.30921958985823,0.570060700048602,23.2053912033164,2310545797730.68,0.00012001524594094,2.19722457733622
"141","colobus guereza",1,"cercopithecidae","central african republic",-0.932926029399147,2.32247972625898,0.489646121590077,23.0115968587831,3070723185103.83,0.171207666642677,2.56494935746154
"142","colobus polykomos",3,"cercopithecidae","ivory coast",-0.960038792482978,2.31526088883463,0.424145333538658,21.866725111137,343228275451.359,0.127874658246085,1.79175946922805
"143","colobus satanas",3,"cercopithecidae","equatorial guinea",-0.78533377644723,2.44048645022368,0.609122567211587,22.6656553195551,330562222382.694,0.00160806880939177,1.38629436111989
"144","colobus vellerosus",3,"cercopithecidae","burkina faso",-0.35110624560555,2.13707444233253,0.513257452380141,23.2059155952502,479802008720.156,0.00744521641509203,1.79175946922805
"145","daubentonia madagascariensis",4,"daubentoniidae","madagascar",-0.69,1.91839212016142,0.51,22.0792084212875,125751567089.77,4.19106000120467e-05,0
"146","erythrocebus patas",1,"cercopithecidae","kenya",-0.950452446482255,2.38380435794881,0.450728880354754,23.5847112736877,7171723735805.3,0.00107549375200888,3.17805383034795
"147","eulemur albifrons",4,"lemuridae","madagascar",-0.69,1.91839212016142,0.51,22.0792084212875,18474624787.2129,0.000285273046270683,0
"148","eulemur cinereiceps",5,"lemuridae","madagascar",-0.69,1.91839212016142,0.51,22.0792084212875,1825680766.59587,0.0194278950624013,0
"149","eulemur collaris",4,"lemuridae","madagascar",-0.69,1.91839212016142,0.51,22.0792084212875,8196919748.25566,1,0
"150","eulemur coronatus",4,"lemuridae","madagascar",-0.69,1.91839212016142,0.51,22.0792084212875,6273694581.6171,1,0
"151","eulemur flavifrons",5,"lemuridae","madagascar",-0.69,1.91839212016142,0.51,22.0792084212875,2545878799.21867,1,0
"152","eulemur fulvus",2,"lemuridae","madagascar",-0.684733673401272,1.91074178098406,0.506107497731375,22.0715467884026,48893817434.4946,0.981041728500196,0.693147180559945
"153","eulemur macaco",3,"lemuridae","madagascar",-0.69,1.91839212016142,0.51,22.0792084212875,8353850434.43457,0.989900294010011,0
"154","eulemur mongoz",5,"lemuridae","madagascar",-0.72000977533327,1.94162270467427,0.508599543817781,21.8759157598121,8384311162.64899,0.355033094074373,0.693147180559945
"155","eulemur rubriventer",3,"lemuridae","madagascar",-0.69,1.91839212016142,0.51,22.0792084212875,50114944737.3366,1,0
"156","eulemur rufifrons",2,"lemuridae","madagascar",-0.69,1.91839212016142,0.51,22.0792084212875,32773741998.0656,0.792433754842863,0
"157","eulemur rufus",3,"lemuridae","madagascar",-0.69,1.91839212016142,0.51,22.0792084212875,38565523324.8443,1,0
"158","eulemur sanfordi",4,"lemuridae","madagascar",-0.69,1.91839212016142,0.51,22.0792084212875,3716020810.36207,0.105179384408417,0
"159","euoticus elegantulus",1,"galagidae","central african republic",-0.919012668510225,2.42781885491622,0.584725236471293,22.4777559100754,787437380995.466,0.0792655382913998,1.79175946922805
"160","euoticus pallidus",1,"galagidae","equatorial guinea",-1.00677278681707,2.43528709281135,0.514382548637782,24.6295449635459,96514149966.8489,0.0189567026149242,1.09861228866811
"161","galago gallarum",1,"galagidae","somalia",-1.39335423041567,2.33999884325407,0.404332709882413,23.0941621234024,458966624424.495,0.038548909989764,1.09861228866811
"162","galago matschiei",1,"galagidae","uganda",-0.777219269251362,2.31417023642806,0.551758332784304,22.1651125980554,87720513582.2613,0.0676777893616075,1.6094379124341
"163","galago moholi",1,"galagidae","south africa",-0.640639540493214,2.42434699357896,0.553876068798297,23.7443830975956,4271839123135.08,0.0446423951334044,2.63905732961526
"164","galago senegalensis",1,"galagidae","zambia",-0.84495234035992,2.31805353921018,0.456428616036152,23.6120039916158,8441380865316.59,6.4596171971914e-05,3.40119738166216
"165","galagoides cocos",1,"galagidae","kenya",-0.487273351985187,1.94017782879012,0.546773008393334,23.3976725870563,7049139639.2493,0.005569578089856,0.693147180559945
"166","galagoides demidovii",1,"galagidae","equatorial guinea",-0.950073009218062,2.34097201778581,0.547433537123746,22.7953449979017,4425433693638.92,0.000441349350051,3.04452243772342
"167","galagoides granti",1,"galagidae","zimbabwe",-0.794281426369254,2.42657225024119,0.43456659082018,22.8056893431275,524409829409.957,0.0209980014470995,1.38629436111989
"168","galagoides orinus",2,"galagidae","tanzania",-0.430329238990883,2.07993691294246,0.521148157545897,23.6265184122622,19141145829.3417,0.0297768566419471,0.693147180559945
"169","galagoides rondoensis",5,"galagidae","tanzania",-0.43,2.08069076108027,0.521,23.6277003722105,127619534.043752,0.0495439165409106,0
"170","galagoides thomasi",1,"galagidae","nigeria",-0.938337083617436,2.34632452921022,0.555866555998509,23.0699843832546,4529431343288.22,0.000340029893979827,3.04452243772342
"171","galagoides zanzibaricus",1,"galagidae","tanzania",-0.43,2.08069076108027,0.521,23.6277003722105,7145754105.09999,0.00128034635736146,0
"172","gorilla beringei",4,"hominidae","republic of congo",-1.03341863342776,2.30374036687981,0.590135145710001,21.975649351686,65613849154.3204,0.0164199935366691,1.09861228866811
"173","gorilla gorilla",5,"hominidae","central african republic",-0.87088347019869,2.41729732534959,0.599381792715287,22.523372017745,700285285689.429,0.0273741210155766,1.94591014905531
"174","hapalemur alaotrensis",5,"lemuridae","madagascar",-0.69,1.91839212016142,0.51,22.0792084212875,217518882.245269,1,0
"175","hapalemur aureus",5,"lemuridae","madagascar",-0.69,1.91839212016142,0.51,22.0792084212875,2404487960.54754,1,0
"176","hapalemur griseus",3,"lemuridae","madagascar",-0.69,1.91839212016142,0.51,22.0792084212875,86128009464.6394,0.595041590400297,0
"177","hapalemur meridionalis",3,"lemuridae","madagascar",-0.69,1.91839212016142,0.51,22.0792084212875,6576203950.21845,0.0362784072887382,0
"178","hapalemur occidentalis",3,"lemuridae","madagascar",-0.69,1.91839212016142,0.51,22.0792084212875,40006089091.1049,1,0
"179","hoolock hoolock",4,"hylobatidae","india",-0.629827270702954,1.97984008169213,0.57651017651605,26.314643340002,320376542241.316,0.000110157260590891,1.38629436111989
"180","hoolock leuconedys",3,"hylobatidae","india",-1.08121668197764,2.07068976925693,0.562518125406612,26.332253038306,282694205737.797,0.0208887344587776,1.09861228866811
"181","hylobates agilis",4,"hylobatidae","indonesia",-0.359975048213624,1.85501908121554,0.689225797796422,26.1619087729094,388310188926.213,0.92873459266281,1.09861228866811
"182","hylobates albibarbis",4,"hylobatidae","indonesia",-0.41,1.85785927093258,0.684,26.2053539584228,201034313784.42,1,0
"183","hylobates klossii",4,"hylobatidae","indonesia",-0.41,1.85785927093258,0.684,26.2053539584228,6044538228.61019,0.104319994486704,0
"184","hylobates lar",4,"hylobatidae","china",-0.199526050833455,1.96834566130762,0.699693015698817,25.6265367197839,641913949307.479,0.0147744312061218,1.79175946922805
"185","hylobates moloch",4,"hylobatidae","indonesia",-0.41,1.85785927093258,0.684,26.2053539584228,39488265475.9205,1,0
"186","hylobates muelleri",4,"hylobatidae","malaysia",-0.0346354440127147,1.76727768725712,0.721390504585576,25.9110757628644,528720869960.865,0.150075092702388,1.09861228866811
"187","hylobates pileatus",4,"hylobatidae","cambodia",-0.634655114172016,2.04638131418752,0.614532223130496,24.4956897272104,122348783971.298,0.612552062431356,1.09861228866811
"188","indri indri",5,"indriidae","madagascar",-0.69,1.91839212016142,0.51,22.0792084212875,30220614115.3617,1,0
"189","lagothrix cana",4,"atelidae","peru",-0.25820976596861,1.87261117742239,0.750456547483284,26.9911980460681,1375863614647.02,0.17172803581952,1.09861228866811
"190","lagothrix lagotricha",3,"atelidae","colombia",-0.353023105297201,1.74871988794477,0.730692826312005,26.0703423109511,659035223139.292,0.000283791078327865,1.6094379124341
"191","lagothrix lugens",5,"atelidae","colombia",-0.310011576569198,1.68824896548657,0.72000028941423,25.2261430135472,168747809421.715,0.110984304851769,0.693147180559945
"192","lagothrix poeppigii",3,"atelidae","colombia",-0.459250176678052,1.81366790871324,0.741337254416178,26.2762814635409,670398840964.554,0.000137695839322207,1.38629436111989
"193","lemur catta",4,"lemuridae","madagascar",-0.69,1.91839212016142,0.51,22.0792084212875,100543525054.002,1,0
"194","leontopithecus caissara",5,"callitrichidae","brazil",-0.19,1.88858365386359,0.755,27.176036908884,335926733.099809,0.303178126139776,0
"195","leontopithecus chrysomelas",4,"callitrichidae","brazil",-0.19,1.88858365386359,0.755,27.176036908884,20306867821.8694,0.99990188898802,0
"196","leontopithecus chrysopygus",4,"callitrichidae","brazil",-0.19,1.88858365386359,0.755,27.176036908884,63971773181.6618,1,0
"197","leontopithecus rosalia",4,"callitrichidae","brazil",-0.19,1.88858365386359,0.755,27.176036908884,4009208759.02101,1,0
"198","lepilemur aeeclis",3,"lepilemuridae","madagascar",-0.69,1.91839212016142,0.51,22.0792084212875,6122652137.48456,1,0
"199","lepilemur ahmansonorum",4,"lepilemuridae","madagascar",-0.69,1.91839212016142,0.51,22.0792084212875,668120418.817614,1,0
"200","lepilemur ankaranensis",4,"lepilemuridae","madagascar",-0.69,1.91839212016142,0.51,22.0792084212875,1443670013.99757,1,0
"201","lepilemur betsileo",4,"lepilemuridae","madagascar",-0.69,1.91839212016142,0.51,22.0792084212875,2197485473.69267,1,0
"202","lepilemur dorsalis",3,"lepilemuridae","madagascar",-0.69,1.91839212016142,0.51,22.0792084212875,9605609555.63354,1,0
"203","lepilemur edwardsi",4,"lepilemuridae","madagascar",-0.69,1.91839212016142,0.51,22.0792084212875,9115348490.52251,1,0
"204","lepilemur fleuretae",5,"lepilemuridae","madagascar",-0.69,1.91839212016142,0.51,22.0792084212875,711686133.160823,1,0
"205","lepilemur grewcockorum",4,"lepilemuridae","madagascar",-0.69,1.91839212016142,0.51,22.0792084212875,1888539632.50799,1,0
"206","lepilemur hollandorum",4,"lepilemuridae","madagascar",-0.69,1.91839212016142,0.51,22.0792084212875,283743888.3664,1,0
"207","lepilemur hubbardorum",4,"lepilemuridae","madagascar",-0.69,1.91839212016142,0.51,22.0792084212875,2412149724.31191,1,0
"208","lepilemur jamesorum",5,"lepilemuridae","madagascar",-0.69,1.91839212016142,0.51,22.0792084212875,64738816.6777835,1,0
"209","lepilemur leucopus",4,"lepilemuridae","madagascar",-0.69,1.91839212016142,0.51,22.0792084212875,1962339887.20508,1,0
"210","lepilemur microdon",4,"lepilemuridae","madagascar",-0.69,1.91839212016142,0.51,22.0792084212875,669826672.632089,1,0
"211","lepilemur milanoii",4,"lepilemuridae","madagascar",-0.69,1.91839212016142,0.51,22.0792084212875,2582349535.53182,1,0
"212","lepilemur mittermeieri",4,"lepilemuridae","madagascar",-0.69,1.91839212016142,0.51,22.0792084212875,1113867997.97231,1,0
"213","lepilemur mustelinus",2,"lepilemuridae","madagascar",-0.69,1.91839212016142,0.51,22.0792084212875,25898347974.7043,1,0
"214","lepilemur otto",4,"lepilemuridae","madagascar",-0.69,1.91839212016142,0.51,22.0792084212875,3986242064.11018,1,0
"215","lepilemur petteri",3,"lepilemuridae","madagascar",-0.69,1.91839212016142,0.51,22.0792084212875,19370468443.8973,1,0
"216","lepilemur randrianasoloi",4,"lepilemuridae","madagascar",-0.69,1.91839212016142,0.51,22.0792084212875,1894748035.82062,1,0
"217","lepilemur ruficaudatus",3,"lepilemuridae","madagascar",-0.69,1.91839212016142,0.51,22.0792084212875,16000742185.6104,1,0
"218","lepilemur sahamalazensis",5,"lepilemuridae","madagascar",-0.69,1.91839212016142,0.51,22.0792084212875,1144150370.79072,1,0
"219","lepilemur scottorum",4,"lepilemuridae","madagascar",-0.69,1.91839212016142,0.51,22.0792084212875,2000328194.58734,1,0
"220","lepilemur seali",3,"lepilemuridae","madagascar",-0.69,1.91839212016142,0.51,22.0792084212875,7438144553.19877,1,0
"221","lepilemur septentrionalis",5,"lepilemuridae","madagascar",-0.69,1.91839212016142,0.51,22.0792084212875,142417314.988706,1,0
"222","lepilemur tymerlachsoni",5,"lepilemuridae","madagascar",-0.69,1.91839212016142,0.51,22.0792084212875,54120154.1726085,1,0
"223","lepilemur wrightae",4,"lepilemuridae","madagascar",-0.69,1.91839212016142,0.51,22.0792084212875,587437461.326547,1,0
"224","lophocebus albigena",1,"cercopithecidae","uganda",-0.950295922371325,2.36192590285171,0.585481118843549,22.2820639705252,1471250827761.04,0.000304215894314801,2.30258509299405
"225","lophocebus aterrimus",2,"cercopithecidae","republic of congo",-1.04029810467403,2.30507252015061,0.590413727474403,22.0645934820714,725236379096.127,0.800908734107734,0.693147180559945
"226","loris lydekkerianus",1,"lorisidae","india",-0.0465375092877699,1.97209723390753,0.62432652788777,26.8517522090933,212544264666.446,0.657792296196718,0.693147180559945
"227","loris tardigradus",4,"lorisidae","sri lanka",0.07,1.8099267731835,0.757,23.5768279697114,15502752189.5176,0.98104106652578,0
"228","macaca arctoides",3,"cercopithecidae","laos",-0.446566022383623,1.99571104253107,0.660856021788187,27.3713670908874,1429948206203.55,0.101640252641387,2.30258509299405
"229","macaca assamensis",2,"cercopithecidae","bangladesh",-0.445738654308868,1.99549999564711,0.651448257191515,27.4759014745507,1816208535138.91,0.00164780911544442,2.30258509299405
"230","macaca cyclopis",1,"cercopithecidae","japan",1.19808487165521,1.98900332060592,0.882743423073226,27.2749762158026,26886520951.861,0.0036609331952971,0.693147180559945
"231","macaca fascicularis",1,"cercopithecidae","singapore",-0.326191500466688,1.87584487827589,0.674522747505161,25.6862829641137,2714302678480.36,0.000205253185396774,2.56494935746154
"232","macaca fuscata",1,"cercopithecidae","japan",1.51,2.2523438765573,0.891,28.6111088190289,157401872556.41,0.0208370207175129,0
"233","macaca hecki",3,"cercopithecidae","indonesia",-0.41,1.85785927093258,0.684,26.2053539584228,24156055371.1171,1,0
"234","macaca leonina",3,"cercopithecidae","cambodia",-0.656874312061826,2.01391667597219,0.608822960765383,26.1229553276834,1517624852302.1,0.0946664141301917,2.07944154167984
"235","macaca maura",4,"cercopithecidae","indonesia",-0.41,1.85785927093258,0.684,26.2053539584228,4821944635.87895,1,0
"236","macaca mulatta",1,"cercopithecidae","macau",-0.399205731544693,2.01652535631235,0.640365091061336,27.48367346556,7544185085782.61,5.20210346118268e-11,2.56494935746154
"237","macaca munzala",4,"cercopithecidae","india",-0.06,1.98924327376169,0.609,26.9571492588601,1729502979.30341,1,0
"238","macaca nemestrina",3,"cercopithecidae","indonesia",-0.160753562136616,1.81415378552102,0.709168995238978,26.0030705902783,1375721037290.26,0.00843410018668469,1.79175946922805
"239","macaca nigra",5,"cercopithecidae","indonesia",-0.41,1.85785927093258,0.684,26.2053539584228,7720861848.9554,0.00804119743682392,0
"240","macaca nigrescens",3,"cercopithecidae","indonesia",-0.41,1.85785927093258,0.684,26.2053539584228,9834011517.67194,1,0
"241","macaca ochreata",3,"cercopithecidae","indonesia",-0.41,1.85785927093258,0.684,26.2053539584228,43358007038.1003,0.0685195806862277,0
"242","macaca pagensis",5,"cercopithecidae","indonesia",-0.41,1.85785927093258,0.684,26.2053539584228,2155049079.83168,0.287961534298071,0
"243","macaca radiata",1,"cercopithecidae","india",-0.06,1.98924327376169,0.609,26.9571492588601,625981723016.261,0.080709635526557,0
"244","macaca siberu",3,"cercopithecidae","indonesia",-0.41,1.85785927093258,0.684,26.2053539584228,3889489148.77851,1,0
"245","macaca silenus",4,"cercopithecidae","india",-0.06,1.98924327376169,0.609,26.9571492588601,28078730329.5998,0.345925439888191,0
"246","macaca sinica",4,"cercopithecidae","sri lanka",0.07,1.8099267731835,0.757,23.5768279697114,46792521667.5824,0.716660282329136,0
"247","macaca sylvanus",4,"cercopithecidae","algeria",-0.236716135503633,1.54859503913212,0.650482377353408,24.4326675280304,41638722082.549,0.147903474570155,1.38629436111989
"248","macaca thibetana",2,"cercopithecidae","china",-0.34,2.01623546577604,0.728,28.2135175312323,1332193759896.62,1,0
"249","macaca tonkeana",3,"cercopithecidae","indonesia",-0.41,1.85785927093258,0.684,26.2053539584228,81878339225.1175,0.000179808525780801,0
"250","mandrillus leucophaeus",4,"cercopithecidae","cameroon",-0.980747494646235,2.3622769471904,0.513336512468025,23.9719373762057,44392047075.326,0.0207631066629501,1.09861228866811
"251","mandrillus sphinx",3,"cercopithecidae","cameroon",-0.749094431590596,2.46455680891216,0.628950145252171,22.5487719225705,327079886285.713,0.0230257272102142,1.38629436111989
"253","mico argentatus",1,"callitrichidae","brazil",-0.19,1.88858365386359,0.755,27.176036908884,138125398021.942,1,0
"257","mico intermedius",1,"callitrichidae","brazil",-0.19,1.88858365386359,0.755,27.176036908884,63021147138.3925,1,0
"258","mico leucippe",3,"callitrichidae","brazil",-0.19,1.88858365386359,0.755,27.176036908884,14937341944.6099,1,0
"260","mico mauesi",1,"callitrichidae","brazil",-0.19,1.88858365386359,0.755,27.176036908884,29782387747.2403,1,0
"261","mico melanurus",1,"callitrichidae","bolivia",-0.646003111846337,1.87535900816889,0.710237938226822,26.5239596110191,855020004478.11,0.391404561542359,1.09861228866811
"263","mico rondoni",3,"callitrichidae","bolivia",-0.190271921478353,1.88857936865714,0.754973657606785,27.1757572142184,71024814357.6768,0.000283251539950974,0.693147180559945
"264","mico saterei",1,"callitrichidae","brazil",-0.19,1.88858365386359,0.755,27.176036908884,19408445514.3604,1,0
"265","microcebus arnholdi",4,"cheirogaleidae","madagascar",-0.69,1.91839212016142,0.51,22.0792084212875,151618310.801771,1,0
"266","microcebus berthae",4,"cheirogaleidae","madagascar",-0.69,1.91839212016142,0.51,22.0792084212875,549264900.248119,1,0
"267","microcebus bongolavensis",4,"cheirogaleidae","madagascar",-0.69,1.91839212016142,0.51,22.0792084212875,793415277.8775,1,0
"268","microcebus danfossi",4,"cheirogaleidae","madagascar",-0.69,1.91839212016142,0.51,22.0792084212875,1618685495.94458,1,0
"269","microcebus gerpi",5,"cheirogaleidae","madagascar",-0.69,1.91839212016142,0.51,22.0792084212875,20794042.0616938,1,0
"270","microcebus griseorufus",1,"cheirogaleidae","madagascar",-0.69,1.91839212016142,0.51,22.0792084212875,36116101537.1769,1,0
"271","microcebus jollyae",4,"cheirogaleidae","madagascar",-0.69,1.91839212016142,0.51,22.0792084212875,157606175.743163,1,0
"272","microcebus lehilahytsara",3,"cheirogaleidae","madagascar",-0.69,1.91839212016142,0.51,22.0792084212875,2988217906.20791,1,0
"273","microcebus macarthurii",4,"cheirogaleidae","madagascar",-0.69,1.91839212016142,0.51,22.0792084212875,675496168.169957,1,0
"274","microcebus mamiratra",5,"cheirogaleidae","madagascar",-0.69,1.91839212016142,0.51,22.0792084212875,59567827.9281933,1,0
"275","microcebus margotmarshae",4,"cheirogaleidae","madagascar",-0.69,1.91839212016142,0.51,22.0792084212875,908454199.027259,1,0
"276","microcebus marohita",5,"cheirogaleidae","madagascar",-0.69,1.91839212016142,0.51,22.0792084212875,28563033.9498903,1,0
"277","microcebus mittermeieri",4,"cheirogaleidae","madagascar",-0.69,1.91839212016142,0.51,22.0792084212875,309878179.327309,1,0
"278","microcebus murinus",1,"cheirogaleidae","madagascar",-0.69,1.91839212016142,0.51,22.0792084212875,90879446546.1286,1,0
"279","microcebus myoxinus",3,"cheirogaleidae","madagascar",-0.69,1.91839212016142,0.51,22.0792084212875,31384961302.7052,1,0
"280","microcebus ravelobensis",4,"cheirogaleidae","madagascar",-0.69,1.91839212016142,0.51,22.0792084212875,3358903065.60407,1,0
"281","microcebus rufus",3,"cheirogaleidae","madagascar",-0.69,1.91839212016142,0.51,22.0792084212875,2620157214.6226,1,0
"282","microcebus sambiranensis",4,"cheirogaleidae","madagascar",-0.69,1.91839212016142,0.51,22.0792084212875,695264185.935485,1,0
"283","microcebus simmonsi",4,"cheirogaleidae","madagascar",-0.69,1.91839212016142,0.51,22.0792084212875,741718947.934899,1,0
"284","microcebus tavaratra",3,"cheirogaleidae","madagascar",-0.69,1.91839212016142,0.51,22.0792084212875,4159095809.39782,1,0
"285","miopithecus ogouensis",1,"cercopithecidae","gabon",-0.771593168024452,2.45299469157739,0.62179788836353,22.5956376577271,489842998387.781,0.537383335890111,1.6094379124341
"286","miopithecus talapoin",1,"cercopithecidae","republic of congo",-1.05429813176595,2.37256875506031,0.562880340860293,23.7093762036382,392091498878.092,0.523395607801581,0.693147180559945
"287","mirza coquereli",4,"cheirogaleidae","madagascar",-0.69,1.91839212016142,0.51,22.0792084212875,49478312360.3876,1,0
"288","mirza zaza",4,"cheirogaleidae","madagascar",-0.69,1.91839212016142,0.51,22.0792084212875,9861298766.37588,0.97096860802907,0
"289","nasalis larvatus",4,"cercopithecidae","malaysia",-0.264859807378353,1.82221743729883,0.698978510110002,26.0989318129383,542463827931.818,4.43686885150505e-06,1.09861228866811
"290","nomascus concolor",5,"hylobatidae","vietnam",-0.457956980266197,1.95663197933663,0.658189129603147,27.248350473,26450418046.0795,0.285585957029921,1.09861228866811
"291","nomascus gabriellae",4,"hylobatidae","cambodia",-0.586721810044803,1.93271913898856,0.608982773785427,24.1297702531418,95418662608.0411,0.000582699545522292,1.38629436111989
"292","nomascus hainanus",5,"hylobatidae","china",-0.34,2.01623546577604,0.728,28.2135175312323,165846508.913976,1,0
"293","nomascus leucogenys",5,"hylobatidae","laos",-0.529999490046364,2.01065059507522,0.652192964859875,27.4679936021696,51596466024.0325,0.00140966350765463,1.38629436111989
"294","nomascus nasutus",5,"hylobatidae","vietnam",-0.313443201009309,1.93195428190734,0.704478263751103,27.7582015221415,8351052678.06847,0.379382842724152,0.693147180559945
"295","nomascus siki",4,"hylobatidae","laos",-0.591942282151219,1.95305772265263,0.604965109008831,23.8980217779009,26694234301.5131,0.670713087815039,0.693147180559945
"296","nycticebus bengalensis",3,"lorisidae","myanmar",-0.584793796026621,2.01809397041801,0.625037438008025,26.2797038620126,2058944642884.88,8.45909292207125e-05,2.07944154167984
"297","nycticebus coucang",3,"lorisidae","indonesia",-0.172600624944567,1.83443244639788,0.708364189423471,25.9942543154141,635124084947.55,0.000134825768849681,1.38629436111989
"298","nycticebus javanicus",5,"lorisidae","indonesia",-0.41,1.85785927093258,0.684,26.2053539584228,65055321264.8384,1,0
"299","nycticebus menagensis",3,"lorisidae","philippines",-0.146811249136572,1.79518388701197,0.71019552214539,26.0076681682111,754235718593.648,0.000828863343575991,1.38629436111989
"300","nycticebus pygmaeus",3,"lorisidae","vietnam",-0.463605595173574,1.89007373824363,0.632287889406004,25.310493566171,484484030289.676,0.00694351235380956,1.79175946922805
"301","oreonax flavicauda",5,"atelidae","peru",-0.53,1.79342474854712,0.734,24.6514585824742,27313425111.1961,0.0503471841379905,0
"302","otolemur crassicaudatus",1,"galagidae","south africa",-0.709034399794721,2.36333484611469,0.521612979227101,23.6569130516116,5643838046937.87,0.0346366526714338,2.63905732961526
"303","otolemur garnettii",1,"galagidae","tanzania",-0.557127727860047,2.09605844348849,0.511999516610644,23.5407897281075,530404816222.758,0.00172372360594961,1.38629436111989
"304","pan paniscus",4,"hominidae","republic of congo",-1.04,2.30358459332713,0.591,21.9713779140709,419746114959.773,0.00101538767214012,0
"305","pan troglodytes",4,"hominidae","gabon",-0.959212948114186,2.34764247366748,0.533516084821748,22.6667947776404,2505360254253.81,0.000528562662162235,3.04452243772342
"306","papio anubis",1,"cercopithecidae","burkina faso",-0.902682080883224,2.3415113755092,0.467697823075228,23.6109575055372,7876151005569.04,0.0349208008473534,3.17805383034795
"307","papio cynocephalus",1,"cercopithecidae","zambia",-0.752282098133541,2.24444899309617,0.469059942288738,23.2656623937953,1954470656045.15,0.00430369739057666,2.19722457733622
"308","papio hamadryas",1,"cercopithecidae","saudi arabia",-0.662243704031441,1.89026135559465,0.316603164254632,23.1585761318507,614054742868.583,0.00698198318601345,2.07944154167984
"309","papio kindae",1,"cercopithecidae","zambia",-0.841507510483618,2.42020854760396,0.566274824095177,23.478019155269,2362452488964.74,0.25827607105243,1.94591014905531
"310","papio papio",2,"cercopithecidae","mali",-0.716078785951886,2.25391357963041,0.451857672884766,21.967073970503,444707899099.073,0.0928492346979861,1.94591014905531
"311","papio ursinus",1,"cercopithecidae","south africa",-0.218996324148437,2.44922142047889,0.602999917895667,24.7094738029673,3363749296415.45,0.363631890529291,2.19722457733622
"312","perodicticus edwardsi",1,"lorisidae","central african republic",-1.00815629516824,2.37615414386504,0.573116014876401,23.134080430281,2354076528568.64,0.0420072425433147,1.94591014905531
"313","perodicticus ibeanus",1,"lorisidae","kenya",-0.925725607763136,2.30364417600816,0.574334923285014,22.1068183616525,868046543677.718,7.26223850563713e-05,1.94591014905531
"314","perodicticus potto",1,"lorisidae","kenya",-0.675821400062998,2.27405060436203,0.496777482565634,23.7280671653217,719476112428.372,0.000155614418913687,2.30258509299405
"315","phaner electromontis",4,"cheirogaleidae","madagascar",-0.69,1.91839212016142,0.51,22.0792084212875,3299820512.60829,0.363940265503065,0
"316","phaner furcifer",3,"cheirogaleidae","madagascar",-0.69,1.91839212016142,0.51,22.0792084212875,21056502440.4021,1,0
"317","phaner pallescens",4,"cheirogaleidae","madagascar",-0.69,1.91839212016142,0.51,22.0792084212875,48835686742.8746,1,0
"318","phaner parienti",4,"cheirogaleidae","madagascar",-0.69,1.91839212016142,0.51,22.0792084212875,1955803113.70329,1,0
"319","piliocolobus badius",4,"cercopithecidae","ivory coast",-0.814981381210565,2.29620295557129,0.435200337344023,22.2477609549644,288014338730.941,0.339931510116532,1.38629436111989
"320","piliocolobus bouvieri",5,"cercopithecidae","republic of congo",-1.04,2.30358459332713,0.591,21.9713779140709,16804036970.4708,0.268449315374003,0
"321","piliocolobus epieni",5,"cercopithecidae","nigeria",-1.04,2.55800220485855,0.514,25.2519079919028,3527630691.34976,1,0
"322","piliocolobus gordonorum",4,"cercopithecidae","tanzania",-0.43,2.08069076108027,0.521,23.6277003722105,5867506697.61661,1,0
"323","piliocolobus kirkii",4,"cercopithecidae","tanzania",-0.43,2.08069076108027,0.521,23.6277003722105,1592045798.70121,0.504106708328273,0
"324","piliocolobus oustaleti",1,"cercopithecidae","central african republic",-1.06307327014478,2.31010122038604,0.5815210282574,22.0454887284874,551479995215.516,0.0297015396610594,1.38629436111989
"325","piliocolobus preussi",5,"cercopithecidae","cameroon",-0.967916618873913,2.34056288602154,0.512197915471848,23.6364642125362,3832215282.6386,0.0933807252593658,0.693147180559945
"326","piliocolobus rufomitratus",4,"cercopithecidae","kenya",-0.49,1.93296963777958,0.548,23.3852831580056,202598348.109595,1,0
"327","piliocolobus temminckii",4,"cercopithecidae","gambia",-0.829110528601731,2.41269987727296,0.436894639258865,21.6427813010847,66782225098.9602,0.0808586770089964,1.38629436111989
"328","piliocolobus tephrosceles",4,"cercopithecidae","tanzania",-0.412573624087309,2.14391653861784,0.513642196836864,23.496913779739,3919265064.7064,0.00157597471654052,0.693147180559945
"329","piliocolobus tholloni",2,"cercopithecidae","republic of congo",-1.04,2.30358459332713,0.591,21.9713779140709,501824369402.125,0.99984321213989,0
"330","piliocolobus waldronae",5,"cercopithecidae","ivory coast",-0.259041509702901,2.13290218872213,0.519070464006433,23.0895598897087,85384957273.1646,0.5108978647692,0.693147180559945
"331","pithecia aequatorialis",1,"pitheciidae","peru",-0.74264611233137,1.72761855753178,0.733149415550675,24.4242091393744,125936084591.464,0.57470777533726,0.693147180559945
"332","pithecia albicans",3,"pitheciidae","brazil",-0.19,1.88858365386359,0.755,27.176036908884,65581367751.374,1,0
"333","pongo abelii",5,"hominidae","indonesia",-0.41,1.85785927093258,0.684,26.2053539584228,7955592036.8741,0.0315482238407089,0
"334","pongo pygmaeus",5,"hominidae","indonesia",-0.251804204659634,1.82196628260687,0.699335306691158,26.0938566763641,227877487322.071,0.595869903040111,0.693147180559945
"335","presbytis chrysomelas",5,"cercopithecidae","indonesia",0.193625354668072,1.71189563275717,0.742951933104944,25.6868693264882,40127760048.2402,0.0073275727699951,1.09861228866811
"336","presbytis comata",4,"cercopithecidae","indonesia",-0.41,1.85785927093258,0.684,26.2053539584228,27220261172.0246,0.964778315193683,0
"337","presbytis femoralis",2,"cercopithecidae","malaysia",-0.193978169237076,1.9583084908607,0.700153977094586,25.4625156817675,149499625860.908,0.0722310253140129,1.6094379124341
"338","presbytis frontata",3,"cercopithecidae","indonesia",-0.226001737251513,1.81598780152542,0.701836566286843,26.0744309051861,314372515214.907,0.00285552958984557,0.693147180559945
"339","presbytis hosei",3,"cercopithecidae","malaysia",0.116186406618608,1.72598721648599,0.737146804572012,25.757951809673,247960704307.073,0.0923778906611836,1.09861228866811
"340","presbytis melalophos",4,"cercopithecidae","indonesia",-0.41,1.85785927093258,0.684,26.2053539584228,291703172208.49,0.185398423658192,0
"341","presbytis natunae",3,"cercopithecidae","indonesia",-0.41,1.85785927093258,0.684,26.2053539584228,1654677153.46827,1,0
"342","presbytis potenziani",4,"cercopithecidae","indonesia",-0.41,1.85785927093258,0.684,26.2053539584228,6044538228.61019,0.643471676689654,0
"343","presbytis rubicunda",1,"cercopithecidae","indonesia",-0.186253511251473,1.80347011660026,0.706736055359275,26.0381071669882,506881450503.393,0.320140740572333,1.09861228866811
"344","presbytis siamensis",2,"cercopithecidae","indonesia",0.222304760856664,1.70812794180816,0.745379012394739,25.6541372902015,161725099645.959,0.270499315333449,1.09861228866811
"345","presbytis thomasi",3,"cercopithecidae","indonesia",-0.41,1.85785927093258,0.684,26.2053539584228,60911549070.3931,1,0
"346","procolobus verus",2,"cercopithecidae","togo",-0.532533805786254,2.20951238934782,0.480195675873548,22.8670429296931,404670482883.786,0.000855561978977344,2.07944154167984
"347","prolemur simus",5,"lemuridae","madagascar",-0.69,1.91839212016142,0.51,22.0792084212875,1717799739.98673,0.699088568528467,0
"348","propithecus candidus",5,"indriidae","madagascar",-0.69,1.91839212016142,0.51,22.0792084212875,1702863138.36951,1,0
"349","propithecus coquereli",4,"indriidae","madagascar",-0.69,1.91839212016142,0.51,22.0792084212875,30990297477.3236,1,0
"350","propithecus coronatus",4,"indriidae","madagascar",-0.69,1.91839212016142,0.51,22.0792084212875,45523147946.6526,1,0
"351","propithecus deckenii",4,"indriidae","madagascar",-0.69,1.91839212016142,0.51,22.0792084212875,26211440899.6166,1,0
"352","propithecus diadema",5,"indriidae","madagascar",-0.69,1.91839212016142,0.51,22.0792084212875,16510697015.6814,0.720334454022486,0
"353","propithecus edwardsi",4,"indriidae","madagascar",-0.69,1.91839212016142,0.51,22.0792084212875,3088251662.81374,1,0
"354","propithecus perrieri",5,"indriidae","madagascar",-0.69,1.91839212016142,0.51,22.0792084212875,62679045.0799746,1,0
"355","propithecus tattersalli",5,"indriidae","madagascar",-0.69,1.91839212016142,0.51,22.0792084212875,1732153504.67238,1,0
"356","propithecus verreauxi",4,"indriidae","madagascar",-0.69,1.91839212016142,0.51,22.0792084212875,68150591593.5931,1,0
"357","pygathrix cinerea",5,"cercopithecidae","vietnam",-0.27,1.77664583141801,0.666,24.8872706958981,24824854501.975,1,0
"358","pygathrix nemaeus",4,"cercopithecidae","laos",-0.563730489502671,1.93556654489071,0.610857423042236,24.0719636416455,94413774995.8221,0.506878400538599,1.09861228866811
"359","pygathrix nigripes",4,"cercopithecidae","cambodia",-0.393045364910998,1.83270035673668,0.644987586173844,24.6965271076431,95620969569.1291,0.189296349292285,1.09861228866811
"360","rhinopithecus avunculus",5,"cercopithecidae","vietnam",-0.27,1.77664583141801,0.666,24.8872706958981,10258967501.8132,0.00123211338943206,0
"361","rhinopithecus bieti",4,"cercopithecidae","china",-0.34,2.01623546577604,0.728,28.2135175312323,29770124007.1211,1,0
"362","rhinopithecus brelichi",4,"cercopithecidae","china",-0.34,2.01623546577604,0.728,28.2135175312323,504856720.262838,1,0
"363","rhinopithecus roxellana",4,"cercopithecidae","china",-0.34,2.01623546577604,0.728,28.2135175312323,311106232899.845,0.221153305826557,0
"364","rhinopithecus strykeri",5,"cercopithecidae","myanmar",-1.22,2.08069076108027,0.536,24.2593077738791,204262646.038295,1,0
"365","rungwecebus kipunji",5,"cercopithecidae","tanzania",-0.43,2.08069076108027,0.521,23.6277003722105,71517371.1351431,0.306958179826068,0
"366","saguinus bicolor",4,"callitrichidae","brazil",-0.19,1.88858365386359,0.755,27.176036908884,10196893691.4158,1,0
"367","saguinus fuscicollis",1,"callitrichidae","peru",-0.419697112788005,1.83590780785867,0.736830792784533,26.527223569304,1736448963002.69,0.0834121367063991,1.6094379124341
"368","saguinus geoffroyi",1,"callitrichidae","colombia",-0.232881520065751,1.64218927479538,0.744353204189763,24.7897853791621,75721167272.2333,0.594113263503952,0.693147180559945
"369","saguinus imperator",1,"callitrichidae","peru",-0.357260607953513,1.8562563609441,0.742874093279772,26.7190796094083,235805368026.223,0.0324287455245571,1.09861228866811
"370","saguinus inustus",1,"callitrichidae","colombia",-0.248691213194788,1.79626639616425,0.738009623635114,26.6371310654065,383314535808.523,0.339634624117331,1.09861228866811
"371","saguinus labiatus",1,"callitrichidae","brazil",-0.296212417261123,1.88582170569481,0.744862220965891,27.0522039105592,288313386047.676,0.317423763369518,1.09861228866811
"372","saguinus leucopus",4,"callitrichidae","colombia",-0.31,1.68824909285839,0.72,25.2261429683814,57233444452.7942,1,0
"373","saguinus martinsi",1,"callitrichidae","brazil",-0.19,1.88858365386359,0.755,27.176036908884,42393961440.4635,0.560386990474542,0
"374","saguinus melanoleucus",1,"callitrichidae","peru",-0.209998196300877,1.88323032846907,0.753764817287299,27.1204107141063,60056952853.0007,0.058818224414345,0.693147180559945
"375","saguinus midas",1,"callitrichidae","guyana",-0.0911653177448983,1.78701165944663,0.744313979391861,26.6935564444656,869025553358.041,0.118209753453442,1.38629436111989
"376","saguinus mystax",1,"callitrichidae","brazil",-0.262303269843949,1.86908495128322,0.750532981837311,26.9583182578814,593181884395.324,0.034090409005811,1.09861228866811
"377","saguinus niger",3,"callitrichidae","brazil",-0.19,1.88858365386359,0.755,27.176036908884,591624045380.493,1,0
"378","saguinus nigricollis",1,"callitrichidae","colombia",-0.444342085382356,1.73424206404031,0.728028820961207,25.3509518542291,214882017906.096,0.300635295945905,1.38629436111989
"379","saguinus oedipus",5,"callitrichidae","colombia",-0.31,1.68824909285839,0.72,25.2261429683814,52446453832.2442,1,0
"380","saguinus tripartitus",2,"callitrichidae","peru",-0.861453996794687,1.6888741850205,0.732674184012821,24.2704151561371,25872659079.521,0.337092006410626,0.693147180559945
"381","saimiri boliviensis",1,"cebidae","peru",-0.568728101426135,1.85252268281492,0.722426706796095,26.2938695006741,1382494988298.37,0.208771612992207,1.09861228866811
"382","saimiri oerstedii",3,"cebidae","panama",0.404509868034818,1.5336714470097,0.767761436412521,23.2665383850991,7346192905.47273,0.125816886608637,0.693147180559945
"383","saimiri sciureus",1,"cebidae","colombia",-0.297623621039297,1.82842792285199,0.744611839590619,26.7862355402103,4449088659600.9,0.0516098742708197,2.07944154167984
"384","saimiri ustus",2,"cebidae","bolivia",-0.195540918841151,1.88849633098208,0.754463223487263,27.170322094997,882337133633.298,0.0057717904595327,0.693147180559945
"385","saimiri vanzolinii",3,"cebidae","brazil",-0.19,1.88858365386359,0.755,27.176036908884,2950261956.67543,1,0
"386","sciurocheirus alleni",1,"galagidae","equatorial guinea",-1.00826218616402,2.43780605774334,0.514506085271287,24.6477639085099,96190412559.1177,0.0203051658935441,1.09861228866811
"387","sciurocheirus gabonensis",1,"galagidae","gabon",-0.881541010519176,2.41572425158528,0.596359239593482,22.4660907144418,684948661651.387,0.170786426056052,1.6094379124341
"388","semnopithecus ajax",4,"cercopithecidae","india",-0.06,1.98924327376169,0.609,26.9571492588601,1524877767.60508,1,0
"389","semnopithecus dussumieri",1,"cercopithecidae","india",-0.06,1.98924327376169,0.609,26.9571492588601,1150444921295,1,0
"390","semnopithecus entellus",1,"cercopithecidae","bangladesh",-0.0832075180550525,1.98077455073175,0.60758579186852,26.9235806909912,569057159002.741,0.0361137975823074,0.693147180559945
"391","semnopithecus hector",2,"cercopithecidae","bangladesh",-0.500043090251155,1.91634682877315,0.56550343745368,25.6464116494097,101574157487.775,1.19272742315287e-06,1.38629436111989
"392","semnopithecus hypoleucos",3,"cercopithecidae","india",-0.06,1.98924327376169,0.609,26.9571492588601,13441332923.0059,1,0
"393","semnopithecus priam",2,"cercopithecidae","india",-0.0384492173190416,1.9616526823341,0.633534737206014,26.7826377173511,240272267811.386,0.792175518991438,0.693147180559945
"394","semnopithecus schistaceus",1,"cercopithecidae","bhutan",-0.485069586028848,2.0346593557661,0.587170856815618,26.8070176971035,312640629209.782,0.0174007272564639,1.79175946922805
"395","simias concolor",5,"cercopithecidae","indonesia",-0.41,1.85785927093258,0.684,26.2053539584228,6044538228.61019,0.102666443001166,0
"396","symphalangus syndactylus",4,"hylobatidae","indonesia",-0.287842835224063,1.83055201309284,0.695854758234161,26.120028463291,342406079187.166,0.87465198529976,1.09861228866811
"397","tarsius bancanus",3,"tarsiidae","indonesia",-0.177415727564346,1.8027065248848,0.707167992776657,26.0334252103641,853295354379.901,7.31685566516696e-05,1.09861228866811
"398","tarsius dentatus",3,"tarsiidae","indonesia",-0.41,1.85785927093258,0.684,26.2053539584228,35277794727.3602,1,0
"400","tarsius pelengensis",4,"tarsiidae","indonesia",-0.41,1.85785927093258,0.684,26.2053539584228,2364834133.19135,1,0
"402","tarsius sangirensis",4,"tarsiidae","indonesia",-0.41,1.85785927093258,0.684,26.2053539584228,560038382.975668,1,0
"403","tarsius syrichta",2,"tarsiidae","philippines",-0.35,1.8099267731835,0.668,25.0159077029899,120827533373.277,0.00688576564913388,0
"404","tarsius tarsier",3,"tarsiidae","indonesia",-0.41,1.85785927093258,0.684,26.2053539584228,143020020200.667,0.0016945561009687,0
"405","tarsius tumpara",5,"tarsiidae","indonesia",-0.41,1.85785927093258,0.684,26.2053539584228,231908860.646525,0.5,0
"407","theropithecus gelada",1,"cercopithecidae","ethiopia",-0.44,2.10535292346434,0.442,23.6491412904187,104486275117.086,0.00821155189486436,0
"408","trachypithecus auratus",3,"cercopithecidae","indonesia",-0.41,1.85785927093258,0.684,26.2053539584228,136968848697.787,5.73883299274328e-05,0
"410","trachypithecus cristatus",2,"cercopithecidae","malaysia",-0.221193138178348,1.81353825030411,0.702736966457737,26.0684939997739,1221323999658.56,0.0268453996538669,1.09861228866811
"411","trachypithecus delacouri",5,"cercopithecidae","vietnam",-0.27,1.77664583141801,0.666,24.8872706958981,6039386778.42112,1,0
"412","trachypithecus francoisi",4,"cercopithecidae","vietnam",-0.335872422314685,2.00359335566171,0.724344145478721,28.1549908708417,249853554829.206,0.0015936788835967,0.693147180559945
"413","trachypithecus geei",4,"cercopithecidae","bhutan",0.203797040770298,1.95051650981708,0.607148792696349,26.3369724057332,7443535782.55554,0.00060374568654099,0.693147180559945
"414","trachypithecus germaini",4,"cercopithecidae","thailand",-0.617607367110645,1.97658619491922,0.610861205872517,24.3458456825523,345181301362.801,0.00539421605305448,1.6094379124341
"415","trachypithecus hatinhensis",4,"cercopithecidae","laos",-0.574237476277301,1.94412394452456,0.608321645122428,23.9868529845729,19006607864.578,0.633828075577711,0.693147180559945
"416","trachypithecus johnii",3,"cercopithecidae","india",-0.06,1.98924327376169,0.609,26.9571492588601,17091265560.186,0.694218955819342,0
"417","trachypithecus laotum",3,"cercopithecidae","laos",-0.75,2.02946317187359,0.575,22.1300547819906,5622286849.068,0.564408418727856,0
"418","trachypithecus obscurus",2,"cercopithecidae","malaysia",0.0673672829791165,1.85983166294479,0.724267789215819,25.1939310334531,261134197428.621,0.000190530444245836,1.09861228866811
"419","trachypithecus phayrei",4,"cercopithecidae","thailand",-0.668488904385972,2.02574799176437,0.618997988156901,25.9986830711095,1153977131764.36,9.82030762603694e-05,1.94591014905531
"420","trachypithecus pileatus",3,"cercopithecidae","bhutan",-0.513313462634973,1.96940609871486,0.579678384367435,26.3022172784516,306509898258.187,0.0262130298696197,1.38629436111989
"421","trachypithecus poliocephalus",5,"cercopithecidae","china",-0.331856648539107,1.99113836508387,0.720787317277495,28.0945605629873,949281608.40469,0.154128665254475,0.693147180559945
"422","trachypithecus shortridgei",4,"cercopithecidae","china",-1.04701268372305,2.0683441619221,0.573742687187699,26.6622597919885,10638665284.5989,0.196576495769267,0.693147180559945
"423","trachypithecus vetulus",4,"cercopithecidae","sri lanka",0.07,1.8099267731835,0.757,23.5768279697114,37180590917.9272,0.113282259593588,0
"424","varecia rubra",5,"lemuridae","madagascar",-0.69,1.91839212016142,0.51,22.0792084212875,5295421082.30842,1,0
"425","varecia variegata",5,"lemuridae","madagascar",-0.69,1.91839212016142,0.51,22.0792084212875,9789761423.00835,0.0246038426859541,0
